AT2G37260.1|PACid:19638141	LOC_Os12g32250.1|PACid:24148907	46.559	247	2.42e-63	213
AT2G37260.1|PACid:19638141	LOC_Os12g32250.1|PACid:24148907	55.932	59	5.64e-14	73.6
AT2G40750.1|PACid:19638309	LOC_Os05g25770.1|PACid:24150103	34.848	198	9.26e-25	102
AT2G44745.1|PACid:19638720	LOC_Os04g46060.1|PACid:24103214	82.857	105	3.89e-60	189
AT2G03340.1|PACid:19638813	LOC_Os12g32250.1|PACid:24148907	41.007	556	6.33e-118	357
AT2G47260.1|PACid:19638986	LOC_Os01g43650.1|PACid:24113784	82.143	84	9.88e-45	157
AT2G25000.1|PACid:19639530	LOC_Os06g44010.1|PACid:24141799	37.963	324	1.11e-50	171
AT2G46130.1|PACid:19639763	LOC_Os01g53260.1|PACid:24120034	75.490	102	1.29e-55	173
AT2G34830.1|PACid:19639979	LOC_Os04g50920.1|PACid:24103135	50.000	274	4.03e-70	230
AT2G38470.1|PACid:19640205	LOC_Os01g61080.1|PACid:24121503	51.276	392	8.90e-110	337
AT2G30590.1|PACid:19640610	LOC_Os12g40570.1|PACid:24148383	45.780	391	1.70e-90	276
AT2G24570.1|PACid:19640773	LOC_Os04g21950.1|PACid:24106977	50.882	340	4.32e-90	272
AT2G46400.1|PACid:19641583	LOC_Os09g16510.1|PACid:24137546	40.571	175	3.12e-35	130
AT2G30250.1|PACid:19641915	LOC_Os01g61080.1|PACid:24121503	42.667	375	1.52e-84	267
AT2G30250.1|PACid:19641915	LOC_Os01g61080.1|PACid:24121503	59.375	64	2.46e-16	80.5
AT2G40740.1|PACid:19642333	LOC_Os09g16510.1|PACid:24137546	41.176	136	2.60e-25	103
AT2G04880.1|PACid:19642396	LOC_Os07g39480.1|PACid:24110549	44.364	275	7.80e-66	223
AT2G23320.1|PACid:19643488	LOC_Os03g53050.1|PACid:24122325	61.240	129	1.19e-53	180
AT2G21900.1|PACid:19643565	LOC_Os05g46020.1|PACid:24152641	60.241	83	2.18e-29	108
AT4G12020.2|PACid:19644332	LOC_Os03g49640.1|PACid:24122085	49.136	405	6.25e-101	340
AT4G31800.1|PACid:19644902	LOC_Os09g25060.1|PACid:24135826	39.934	303	2.10e-50	169
AT4G01250.1|PACid:19645584	LOC_Os02g16540.1|PACid:24133330	75.728	103	1.51e-48	165
AT4G11070.1|PACid:19646382	LOC_Os01g46800.1|PACid:24118091	44.937	158	6.98e-41	143
AT4G26640.2|PACid:19646464	LOC_Os07g39480.1|PACid:24110549	44.563	561	1.56e-129	392
AT4G22070.1|PACid:19646691	LOC_Os01g14440.1|PACid:24118460	48.115	557	3.84e-117	358
AT4G04450.1|PACid:19647041	LOC_Os05g49210.1|PACid:24150977	43.248	548	6.80e-109	337
AT4G24240.1|PACid:19647169	LOC_Os03g53050.1|PACid:24122325	61.429	140	3.15e-52	177
AT4G31550.1|PACid:19647358	LOC_Os04g21950.1|PACid:24106977	51.039	337	7.03e-91	274
AT4G30935.1|PACid:19647487	LOC_Os08g17400.1|PACid:24101198	42.208	308	6.13e-59	202
AT4G30935.1|PACid:19647487	LOC_Os08g17400.1|PACid:24101198	44.928	69	3.65e-13	71.6
AT4G18170.1|PACid:19647683	LOC_Os01g47560.1|PACid:24114059	84.884	86	6.18e-48	169
AT4G26440.1|PACid:19647770	LOC_Os08g38990.3|PACid:24098687	40.631	507	1.67e-91	295
AT4G23810.1|PACid:19648384	LOC_Os01g46800.1|PACid:24118091	43.750	176	1.94e-41	145
AT4G01720.1|PACid:19648609	LOC_Os01g18584.1|PACid:24114432	51.724	261	1.74e-75	248
AT4G23550.1|PACid:19648615	LOC_Os02g16540.1|PACid:24133330	69.149	94	5.82e-41	145
AT4G39410.1|PACid:19648649	LOC_Os01g08710.1|PACid:24120668	55.491	173	2.91e-51	174
AT1G69810.1|PACid:19649130	LOC_Os06g05380.1|PACid:24144138	37.654	324	5.92e-48	170
AT1G80840.1|PACid:19649422	LOC_Os02g08440.1|PACid:24129555	37.110	353	1.79e-61	198
AT1G29860.1|PACid:19650009	LOC_Os01g47560.1|PACid:24114059	83.908	87	2.44e-49	171
AT1G18860.1|PACid:19650959	LOC_Os06g05380.1|PACid:24144138	38.477	499	9.02e-69	228
AT1G66600.1|PACid:19652039	LOC_Os05g40060.1|PACid:24153219	56.667	60	5.24e-18	81.6
AT1G64000.1|PACid:19652244	LOC_Os01g53260.1|PACid:24120034	63.281	128	1.24e-55	176
AT1G13960.1|PACid:19652502	LOC_Os12g32250.1|PACid:24148907	39.286	560	6.43e-108	332
AT1G29280.1|PACid:19653020	LOC_Os01g54600.1|PACid:24118401	46.122	245	4.14e-50	167
AT1G55600.1|PACid:19653520	LOC_Os12g32250.1|PACid:24148907	42.759	145	9.98e-30	122
AT1G55600.1|PACid:19653520	LOC_Os12g32250.1|PACid:24148907	46.465	99	1.08e-16	82.8
AT1G69310.1|PACid:19653724	LOC_Os07g02060.1|PACid:24112729	46.491	228	1.22e-54	178
AT1G62300.1|PACid:19654804	LOC_Os01g14440.1|PACid:24118460	48.446	547	3.99e-124	376
AT1G80590.1|PACid:19655764	LOC_Os05g40060.1|PACid:24153219	57.627	59	1.50e-18	82.8
AT1G30650.1|PACid:19655852	LOC_Os04g50920.1|PACid:24103135	48.929	280	8.88e-71	232
AT1G66560.1|PACid:19656825	LOC_Os03g21710.1|PACid:24127298	52.459	61	8.07e-18	81.3
AT1G68150.1|PACid:19658098	LOC_Os02g53100.1|PACid:24134469	87.059	85	1.00e-49	176
AT1G66550.1|PACid:19658266	LOC_Os05g25770.1|PACid:24150103	30.769	169	1.65e-19	85.9
AT3G01970.1|PACid:19658911	LOC_Os11g29870.1|PACid:24159287	76.000	100	6.20e-52	165
AT3G58710.1|PACid:19659214	LOC_Os01g53040.1|PACid:24116390	40.417	240	9.50e-41	143
AT3G01080.1|PACid:19659310	LOC_Os12g32250.1|PACid:24148907	42.763	456	8.28e-90	282
AT3G04670.1|PACid:19659974	LOC_Os12g40570.1|PACid:24148383	44.959	367	1.59e-76	239
AT3G62340.1|PACid:19663331	LOC_Os01g43650.1|PACid:24113784	66.265	83	3.01e-34	127
AT3G56400.1|PACid:19664734	LOC_Os05g25770.1|PACid:24150103	38.547	179	1.15e-30	117
AT5G49520.1|PACid:19665664	LOC_Os03g55080.1|PACid:24125535	48.058	206	1.15e-44	157
AT5G56270.1|PACid:19665783	LOC_Os08g38990.3|PACid:24098687	43.049	597	8.79e-125	385
AT5G41570.1|PACid:19666559	LOC_Os01g53260.1|PACid:24120034	73.148	108	1.59e-56	178
AT5G01900.1|PACid:19667034	LOC_Os05g40060.1|PACid:24153219	58.333	60	2.50e-19	85.9
AT5G52830.1|PACid:19667107	LOC_Os02g16540.1|PACid:24133330	76.042	96	4.41e-48	166
AT5G26170.1|PACid:19667187	LOC_Os05g09020.1|PACid:24150747	70.886	79	5.96e-40	134
AT5G46350.1|PACid:19667690	LOC_Os01g47560.1|PACid:24114059	80.952	84	2.24e-44	159
AT5G13080.1|PACid:19668284	LOC_Os11g29870.1|PACid:24159287	80.808	99	2.25e-57	178
AT5G22570.1|PACid:19668690	LOC_Os05g40060.1|PACid:24153219	58.065	62	8.35e-20	87.8
AT5G15130.1|PACid:19669511	LOC_Os06g05380.1|PACid:24144138	42.857	490	5.86e-88	281
AT5G64810.1|PACid:19670059	LOC_Os05g46020.1|PACid:24152641	73.077	78	5.42e-40	135
AT5G07100.1|PACid:19670115	LOC_Os05g27730.1|PACid:24151842	48.780	328	5.56e-93	284
AT5G45050.1|PACid:19670641	LOC_Os04g50920.1|PACid:24103135	61.017	118	4.85e-39	153
AT5G43290.1|PACid:19671697	LOC_Os01g74140.1|PACid:24117010	56.338	142	9.15e-44	153
AT5G28650.1|PACid:19671738	LOC_Os12g40570.1|PACid:24148383	47.486	358	3.26e-80	248
AT5G24110.1|PACid:19673033	LOC_Os06g06360.1|PACid:24139321	64.706	85	2.07e-35	131
